,Open,High,Low,Close,Volume,LogReturn
Open,1.0,0.999795328946222,0.9997118229427241,0.9995658388185732,0.0023397840663700355,-0.011170218546880181
High,0.999795328946222,1.0,0.9996154817228559,0.9997569075669959,0.0008561648184296799,-0.0006658609482713516
Low,0.9997118229427241,0.9996154817228559,1.0,0.9998135267536941,0.0034599128534975594,0.002753322057607299
Close,0.9995658388185732,0.9997569075669959,0.9998135267536941,1.0,0.0019490938627311956,0.012236864968849162
Volume,0.0023397840663700355,0.0008561648184296799,0.0034599128534975594,0.0019490938627311956,1.0,-0.023289890582903733
LogReturn,-0.011170218546880181,-0.0006658609482713516,0.002753322057607299,0.012236864968849162,-0.023289890582903733,1.0
