,Close_ADF,Close_KPSS,LogReturn_ADF,LogReturn_KPSS
adf_stat,-1.222838616732546,,-22.045082039973337,
p_value,0.9057175353654943,0.01,0.0,0.1
n_lags,11.0,42.0,10.0,11.0
n_obs,4757.0,,4758.0,
crit_1%,-3.9606743687121626,0.216,-3.43172512220716,0.739
crit_5%,-3.4114133343539255,0.146,-2.862147648515838,0.463
crit_10%,-3.1275937094994424,0.119,-2.567093453210195,0.347
kpss_stat,,1.015658498451963,,0.13063693467640888
